ID,Направление,Запрос,Источник запроса,Регион,Тип частотности,Частотность,Период данных,Дата проверки,Намерение,Тип клиента,Предполагаемая страница,Статус,Причина решения,Источник URL,Комментарий
"GEN-001","Общая 3D-печать","3д печать на заказ","Wordstat seed","Москва и область","Широкая; все устройства","1305","03.08.2026-01.09.2026","Смешанное коммерческое","Смешанный","/","Проверить","Заметный спрос, но много нерелевантных вложенных намерений","https://wordstat.yandex.ru/?region=1&view=table&words=3д%20печать%20на%20заказ","Не считать объёмом B2B-лидов"
"GEN-002","Общая 3D-печать","3д печать на заказ в москве","Wordstat вложенная фраза","Москва и область","Широкая; все устройства","328","03.08.2026-01.09.2026","Коммерческое","Смешанный","/","Включить предварительно","Региональная коммерческая формулировка; нужен фильтр B2B","https://wordstat.yandex.ru/?region=1&view=table&words=3д%20печать%20на%20заказ","SERP подтверждает услуги и агрегаторы"
"GEN-003","Общая 3D-печать","печать на 3д принтере на заказ","Wordstat вложенная фраза","Москва и область","Широкая; все устройства","388","03.08.2026-01.09.2026","Коммерческое","Смешанный","/","Проверить","Сильная общая формулировка, но без B2B-квалификации","https://wordstat.yandex.ru/?region=1&view=table&words=3д%20печать%20на%20заказ",""
"GEN-004","Общая 3D-печать","3д печать пластиком на заказ","Wordstat вложенная фраза","Москва и область","Широкая; все устройства","119","03.08.2026-01.09.2026","Коммерческое","Смешанный","/","Проверить","Соответствует технологии, но не задаче клиента","https://wordstat.yandex.ru/?region=1&view=table&words=3д%20печать%20на%20заказ",""
"GEN-005","Общая 3D-печать","3д печать в москве на заказ пластик","Wordstat вложенная фраза","Москва и область","Широкая; все устройства","92","03.08.2026-01.09.2026","Коммерческое","Смешанный","/","Включить предварительно","Регион и материал совпадают, нужен B2B-фильтр","https://wordstat.yandex.ru/?region=1&view=table&words=3д%20печать%20на%20заказ",""
"GEN-006","Цена","3д печать на заказ цена","Wordstat вложенная фраза","Москва и область","Широкая; все устройства","48","03.08.2026-01.09.2026","Цена","Смешанный","/","Резерв","Сайт не строит калькулятор по граммам; нужна страница с правилами расчёта, не фиктивная цена","https://wordstat.yandex.ru/?region=1&view=table&words=3д%20печать%20на%20заказ",""
"DET-001","Деталь по образцу","3д печать деталей по образцу","Wordstat seed","Москва и область","Широкая; все устройства","0","03.08.2026-03.09.2026","Коммерческое","Смешанный","/detal-po-obraztsu","Сохранить ноль","Подтверждённый ноль не удаляется; проверить соседние формулировки","https://wordstat.yandex.ru/?region=1&view=table&words=3д%20печать%20деталей%20по%20образцу",""
"DET-002","Деталь по образцу","изготовление пластиковых деталей по образцу","Wordstat seed","Москва и область","Широкая; все устройства","8","03.08.2026-01.09.2026","Коммерческое","B2B/смешанный","/detal-po-obraztsu","Включить предварительно","Точно соответствует роли страницы; SERP показывает отдельное намерение","https://wordstat.yandex.ru/?region=1&view=table&words=изготовление%20пластиковых%20деталей%20по%20образцу",""
"DET-003","Пластиковые детали","изготовление пластиковых деталей на заказ","Wordstat seed","Москва и область","Широкая; все устройства","39","03.08.2026-01.09.2026","Коммерческое","B2B/смешанный","/detal-po-obraztsu","Включить предварительно","Близко предложению; выдача смешивает 3D-печать, ЧПУ и литьё","https://wordstat.yandex.ru/?region=1&view=table&words=изготовление%20пластиковых%20деталей%20на%20заказ","Нужно объяснять границы применимости 3D-печати"
"DET-004","Пластиковые детали","изготовление пластиковых деталей на заказ в москве","Wordstat вложенная фраза","Москва и область","Широкая; все устройства","11","03.08.2026-01.09.2026","Коммерческое региональное","B2B/смешанный","/detal-po-obraztsu","Включить предварительно","Совпадает с регионом и коммерческим намерением","https://wordstat.yandex.ru/?region=1&view=table&words=изготовление%20пластиковых%20деталей%20на%20заказ","Географию исполнения ещё подтвердить"
"DET-005","Пластиковые детали","пластиковые детали на заказ","Wordstat seed","Москва и область","Широкая; все устройства","73","03.08.2026-01.09.2026","Коммерческое","Смешанный","/detal-po-obraztsu","Проверить","Формулировка широкая и может включать другие технологии","https://wordstat.yandex.ru/?region=1&view=table&words=пластиковые%20детали%20на%20заказ","В интерфейсе верхняя строка нормализована как «заказы на пластиковые детали»"
"DET-006","Автодетали","изготовление пластиковых деталей на заказ для авто","Wordstat вложенная фраза","Москва и область","Широкая; все устройства","6","03.08.2026-01.09.2026","Коммерческое","B2C/смешанный","","Исключить","Автомобильные детали входят в критичный стоп-лист без отдельной квалификации","https://wordstat.yandex.ru/?region=1&view=table&words=изготовление%20пластиковых%20деталей%20на%20заказ",""
"COR-001","Корпуса электроники","корпус для электроники на заказ","Wordstat seed","Москва и область","Широкая; все устройства","2","03.08.2026-01.09.2026","Коммерческое","B2B","/korpusa-dlya-elektroniki","Включить предварительно","Низкая частотность, но точное намерение и отдельная SERP","https://wordstat.yandex.ru/?region=1&view=table&words=корпус%20для%20электроники%20на%20заказ",""
"COR-002","Корпуса электроники","изготовление корпусов для электроники","Wordstat seed","Москва и область","Широкая; все устройства","8","03.08.2026-01.09.2026","Коммерческое","B2B","/korpusa-dlya-elektroniki","Включить предварительно","Соответствует самостоятельной странице","https://wordstat.yandex.ru/?region=1&view=table&words=изготовление%20корпусов%20для%20электроники",""
"COR-003","Корпуса","пластиковый корпус на заказ","Wordstat seed","Москва и область","Широкая; все устройства","23","03.08.2026-01.09.2026","Коммерческое","B2B/смешанный","/korpusa-dlya-elektroniki","Оставить дополнительным","Яндекс и AIsa показывают смешение 3D-печати, металла, готовых корпусов и агрегаторов","https://wordstat.yandex.ru/?region=1&view=table&words=пластиковый%20корпус%20на%20заказ","Не делать главным запросом страницы"
"COR-004","Корпуса","изготовление пластиковых корпусов на заказ","Wordstat вложенная фраза","Москва и область","Широкая; все устройства","10","03.08.2026-01.09.2026","Коммерческое","B2B/смешанный","/korpusa-dlya-elektroniki","Проверить","Возможен самостоятельный корпусный кластер, но требуется SERP","https://wordstat.yandex.ru/?region=1&view=table&words=пластиковый%20корпус%20на%20заказ",""
"COR-005","Корпуса","печать корпуса на 3д принтере","Wordstat seed","Москва и область","Широкая; все устройства","12","03.08.2026-01.09.2026","Информационно-коммерческое","Смешанный","/korpusa-dlya-elektroniki","Проверить","Может быть DIY-информационным; нужен SERP","https://wordstat.yandex.ru/?region=1&view=table&words=печать%20корпуса%20на%203д%20принтере",""
"COR-006","Корпуса электроники","3д печать корпусов для электроники","Wordstat seed","Москва и область","Широкая; все устройства","0","03.08.2026-03.09.2026","Коммерческое","B2B","/korpusa-dlya-elektroniki","Сохранить ноль","Подтверждённый ноль; не отменяет соседние запросы","https://wordstat.yandex.ru/?region=1&view=table&words=3д%20печать%20корпусов%20для%20электроники",""
"OSN-001","Оснастка","производственная оснастка на заказ","Wordstat seed","Москва и область","Широкая; все устройства","0","03.08.2026-03.09.2026","Коммерческое","B2B","/osnastka-i-konduktory","Сохранить ноль","Проверить соседние формулировки и операции","https://wordstat.yandex.ru/?region=1&view=table&words=производственная%20оснастка%20на%20заказ",""
"OSN-002","Оснастка","3д печать оснастки","Wordstat seed","Москва и область","Широкая; все устройства","4","03.08.2026-01.09.2026","Смешанное","B2B/информационный","/osnastka-i-konduktory","Проверить","Низкий спрос; уточнить по задачам фиксатора, держателя и шаблона","https://wordstat.yandex.ru/?region=1&view=table&words=3д%20печать%20оснастки",""
"OSN-003","Оснастка","изготовление технологической оснастки","Wordstat seed","Москва и область","Широкая; все устройства","36","03.08.2026-01.09.2026","Коммерческое","B2B","/osnastka-i-konduktory","Резерв","SERP в основном про металл и крупное производство","https://wordstat.yandex.ru/?region=1&view=table&words=изготовление%20технологической%20оснастки","Не усиливать без ограничения пластиковой задачей"
"OSN-004","Кондукторы","изготовление кондукторов","Wordstat seed","Москва и область","Широкая; все устройства","180","03.08.2026-01.09.2026","Смешанное","Смешанный","/osnastka-i-konduktory","Резерв","Большинство вложенных запросов относится к мебельным приспособлениям","https://wordstat.yandex.ru/?region=1&view=table&words=изготовление%20кондукторов","Широкое число нельзя переносить на предложение мастерской"
"OSN-005","Кондукторы","изготовление кондукторов для сварки","Wordstat вложенная фраза","Москва и область","Широкая; все устройства","2","03.08.2026-01.09.2026","Коммерческое","B2B","","Исключить предварительно","Вероятно металлическая и потенциально ответственная оснастка","https://wordstat.yandex.ru/?region=1&view=table&words=изготовление%20кондукторов","Требует отдельной технической квалификации"
"OSN-006","Кондукторы","3д печать кондукторов","Wordstat seed","Москва и область","Широкая; все устройства","0","03.08.2026-03.09.2026","Смешанное","B2B","/osnastka-i-konduktory","Сохранить ноль","Подтверждённый ноль; проверить формулировки по операциям","https://wordstat.yandex.ru/?region=1&view=table&words=3д%20печать%20кондукторов",""
