URL страницы,Тип страницы,Существующая или новая,Основной кластер,Главный запрос,Дополнительные запросы,Исключённые запросы,Намерение,План изменения,Внутренние ссылки,Статус,Дата решения,Источник
"/","Главная","Существующая","Общая B2B 3D-печать","3д печать на заказ в москве","печать на 3д принтере на заказ; 3д печать пластиком на заказ","фигурки; сувениры; цена за грамм; поиск заказов исполнителем; 3д печать металлом","Коммерческое с B2B-квалификацией","Оффер, Title, description и H1 связаны с Москвой и областью и тремя задачами; квалификация и пилот сохранены","На три услуги, ограничения, качество и форму","Сделано локально","2026-09-04","Wordstat и Яндекс SERP"
"/detal-po-obraztsu","Услуга","Существующая","Детали по образцу","изготовление пластиковых деталей по образцу","изготовление пластиковых деталей на заказ; изготовление деталей из пластика на заказ","критичные автодетали; литьё пластмасс; массовая серия; металл","Коммерческое","Title, description, H1 и первый экран уточнены; пилот и квалификация риска сохранены; обещания любой детали не добавлены","С главной; на ограничения, контроль и форму","Сделано локально","2026-09-04","Wordstat, Яндекс SERP и AIsa/Tavily"
"/korpusa-dlya-elektroniki","Услуга","Существующая","Корпуса электроники","изготовление корпусов для электроники","корпус для электроники на заказ; пластиковый корпус на заказ","металлические корпуса; серийное литьё; неподтверждённые IP/EMC свойства","Коммерческое B2B","Title, description, H1 и первый экран уточнены под плату, датчик, разъёмы, сборку и пилот","С главной; на ограничения, контроль и форму","Сделано локально","2026-09-04","Wordstat и Яндекс SERP"
"/osnastka-i-konduktory","Услуга","Существующая","Пластиковая оснастка под операцию","3д печать оснастки","фиксатор; держатель; шаблон; проверочный кондуктор","общая металлическая технологическая оснастка; пресс-формы; сварочные кондукторы без квалификации","Коммерческое B2B","Title, description, H1 и первый экран сужены до конкретной операции, нагрузок и проверки; неподтверждённые пределы не добавлены","С главной; на ограничения, контроль и форму","Сделано локально","2026-09-04","Wordstat, Яндекс SERP и AIsa/Tavily"
"/cases","Кейсы","Существующая","Доказательства опыта","","","фиктивные кейсы и неподтверждённые результаты","Доверительное","Не индексировать до появления реального разрешённого кейса","С услуг и на форму","Отложено","2026-09-04","Инвентаризация сайта"
"/cases/shablon-funktsionalnoy-detali","Демонстрационный кейс","Существующая","Служебная демонстрация","","","все коммерческие запросы","Служебное","Перед production исключить из sitemap/индексации или заменить реальным кейсом","Только из раздела кейсов","Не вносить без согласования","2026-09-04","Инвентаризация сайта"
"/vozmozhnosti-i-ogranicheniya","Информационная","Существующая","Ограничения 3D-печати","","условия эксплуатации; когда 3D-печать не подходит","коммерческий кластер общей печати","Информационное","Сохранить поддерживающую роль; использовать как доказательство честной квалификации","Из услуг и на форму","Предварительно","2026-09-04","Контент сайта"
"/quality-and-acceptance","Информационная","Существующая","Пилот и приёмка","","проверка пилота; критерии приёмки; ревизия детали","основные коммерческие запросы услуг","Информационное","Сохранить поддерживающую роль и связать с тремя услугами","Из услуг и на форму","Предварительно","2026-09-04","Контент сайта"
"/contacts","Форма","Существующая","Квалифицированная техническая заявка","","заказать изготовление; прислать задачу","цена за грамм без исходных данных","Конверсионное","Не SEO-посадочная; сохранить технический минимум формы","Со всех коммерческих страниц","Сохранить","2026-09-04","Контент сайта"
