Запрос,Кластер,Регион,Устройство,Дата проверки,Позиция,Домен,URL страницы,Тип сайта,Тип страницы,Title,Текст результата,Основное предложение,Доказательства доверия,Наблюдение,Источник
"3д печать на заказ москва","Общая 3D-печать","Москва и область; интерфейс Красногорск","desktop","2026-09-04","1","avito.ru","https://www.avito.ru/moskva/predlozheniya_uslug?q=печать+деталей+на+3d+принтере","Агрегатор","Листинг услуг","Печать деталей на 3d принтере в Москве","Множество частных и коммерческих предложений","Выбор исполнителей и цен","Отзывы и количество объявлений внутри агрегатора","Агрегатор конкурирует за широкий спрос, но не является прямым B2B-аналогом","https://ya.ru/search/?text=3д+печать+на+заказ+москва&lr=1"
"3д печать на заказ москва","Общая 3D-печать","Москва и область; интерфейс Красногорск","desktop","2026-09-04","2","meritogroup.ru","https://meritogroup.ru/3d-printing/","Студия/производство","Услуга","3D печать на заказ в Москве","Технологии и большой парк оборудования","Широкий набор технологий и материалов","Количественные заявления в сниппете требуют проверки на сайте","Сильный широкий технологический конкурент","https://ya.ru/search/?text=3д+печать+на+заказ+москва&lr=1"
"3д печать на заказ москва","Общая 3D-печать","Москва и область; интерфейс Красногорск","desktop","2026-09-04","3","i3dlab.ru","https://i3dlab.ru/","Студия 3D-печати","Главная/услуга","3D-печать на заказ в Москве","Акцент на цене за грамм и материалах","Печать деталей, корпусов, макетов и прототипов","Перечень материалов в сниппете","Конкурирует ценовым и широким технологическим оффером","https://ya.ru/search/?text=3д+печать+на+заказ+москва&lr=1"
"3д печать на заказ москва","Общая 3D-печать","Москва и область; интерфейс Красногорск","desktop","2026-09-04","4","3dprintum.ru","https://3dprintum.ru/","Студия/производство","Главная","3D печать и постобработка на заказ","Производство из пластиков и несколько технологий","Быстрое изготовление и доставка","Рейтинг и отзывы в выдаче","Очень широкий оффер; не копировать обещания скорости","https://ya.ru/search/?text=3д+печать+на+заказ+москва&lr=1"
"3д печать на заказ москва","Общая 3D-печать","Москва и область; интерфейс Красногорск","desktop","2026-09-04","5","lablexys3d.ru","https://lablexys3d.ru/","Студия 3D-печати","Главная/услуга","3D печать на заказ в Москве","Работа по файлам, чертежам, эскизам, фото и образцам","Печать, моделирование, сканирование и портфолио","Рейтинг и отзывы в выдаче","Близкий прямой конкурент по исходным данным и работе по образцу","https://ya.ru/search/?text=3д+печать+на+заказ+москва&lr=1"
"изготовление пластиковых деталей на заказ москва","Пластиковые детали","Москва и область; интерфейс Красногорск","desktop","2026-09-04","1","msk.ap-proekt.ru","https://msk.ap-proekt.ru/","Производство пластика","Услуга","Мелкосерийное производство изделий из пластика в Москве","Малые партии пластиковых деталей","Мелкосерийное производство","Заявления в сниппете","Иная технология; конкурент по задаче клиента","https://ya.ru/search/?text=изготовление+пластиковых+деталей+на+заказ+москва&lr=1"
"изготовление пластиковых деталей на заказ москва","Пластиковые детали","Москва и область; интерфейс Красногорск","desktop","2026-09-04","2","avito.ru","https://www.avito.ru/moskva/predlozheniya_uslug?q=изготовление+пластиковых+деталей","Агрегатор","Листинг услуг","Изготовление пластиковых деталей в Москве","Выбор исполнителей по цене и отзывам","Агрегатор услуг","Количество объявлений и отзывы","Сильный агрегатор, но не прямой производственный аналог","https://ya.ru/search/?text=изготовление+пластиковых+деталей+на+заказ+москва&lr=1"
"изготовление пластиковых деталей на заказ москва","Пластиковые детали","Москва и область; интерфейс Красногорск","desktop","2026-09-04","3","boris88.ru","https://boris88.ru/detali-na-zakaz/iz-plastika/","Производство/ЧПУ","Услуга","Изготовление деталей из пластика в Москве на заказ","Изготовление по чертежам на ЧПУ","ЧПУ-обработка пластика","Рейтинг и отзывы в выдаче","Конкурирует по объекту, но отличается технологией","https://ya.ru/search/?text=изготовление+пластиковых+деталей+на+заказ+москва&lr=1"
"изготовление пластиковых деталей на заказ москва","Пластиковые детали","Москва и область; интерфейс Красногорск","desktop","2026-09-04","4","lablexys3d.ru","https://lablexys3d.ru/izgotovlenie-izdelii-iz-plastika","Студия 3D-печати","Услуга","Изготовление изделий из пластика на заказ в Москве","От прототипа до мелких серий, по образцу или модели","3D-печать пластиковых деталей","Рейтинг и отзывы в выдаче","Близкий прямой конкурент для страницы по образцу","https://ya.ru/search/?text=изготовление+пластиковых+деталей+на+заказ+москва&lr=1"
"изготовление пластиковых деталей на заказ москва","Пластиковые детали","Москва и область; интерфейс Красногорск","desktop","2026-09-04","5","3dwolf.ru","https://3dwolf.ru/our-service/plastikovie-izdeliya/","Студия 3D-печати","Услуга","Изготовление изделий из пластика на заказ","3D-печать по индивидуальным данным","Пластиковые изделия в Москве и области","Сниппет описывает географию","Прямой конкурент по технологии и региону","https://ya.ru/search/?text=изготовление+пластиковых+деталей+на+заказ+москва&lr=1"
"изготовление деталей по образцу 3д печать москва","Деталь по образцу","Москва и область; интерфейс Красногорск","desktop","2026-09-04","1","avito.ru","https://www.avito.ru/moskva/predlozheniya_uslug?q=3д+печать+по+образцу","Агрегатор","Листинг услуг","3д печать по образцу в Москве","Корпуса, крепления, заглушки и переходники","Выбор исполнителя","Отзывы и объявления","Смешанный рынок частных и профессиональных исполнителей","https://ya.ru/search/?text=изготовление+деталей+по+образцу+3д+печать+москва&lr=1"
"изготовление деталей по образцу 3д печать москва","Деталь по образцу","Москва и область; интерфейс Красногорск","desktop","2026-09-04","2","lablexys3d.ru","https://lablexys3d.ru/","Студия 3D-печати","Главная/услуга","3D печать на заказ в Москве","Исходные данные от файла до физического образца","Печать, моделирование и сканирование","Портфолио и отзывы в выдаче","Близкий прямой конкурент","https://ya.ru/search/?text=изготовление+деталей+по+образцу+3д+печать+москва&lr=1"
"изготовление деталей по образцу 3д печать москва","Деталь по образцу","Москва и область; интерфейс Красногорск","desktop","2026-09-04","3","pro3dlab.ru","https://pro3dlab.ru/3d-pechat","Студия 3D-печати","Услуга","3D-печать на заказ в Москве","Работа по модели, чертежу или образцу","Расчёт по технологии, материалу и количеству","Отзывы в выдаче","Близкий прямой конкурент по процессу","https://ya.ru/search/?text=изготовление+деталей+по+образцу+3д+печать+москва&lr=1"
"изготовление деталей по образцу 3д печать москва","Деталь по образцу","Москва и область; интерфейс Красногорск","desktop","2026-09-04","4","printex.ru","https://printex.ru/services/obrazcu/","Студия 3D-печати","Услуга","3D печать по образцу из пластика заказать в Москве","Копирование изделия или детали по образцу","Специализированная страница по образцу","Не указано","SERP подтверждает отдельный тип страницы","https://ya.ru/search/?text=изготовление+деталей+по+образцу+3д+печать+москва&lr=1"
"изготовление корпусов для электроники на заказ москва","Корпуса электроники","Москва и область; интерфейс Красногорск","desktop","2026-09-04","1","almytech.ru","https://almytech.ru/uslugi/proizvodstvo-korpusov-elektroniki/","Производство корпусов","Услуга","Производство корпусов для электроники на заказ","Корпуса из пластика вакуумной формовкой","Изготовление корпусов","Не указано","Конкурент по задаче, другая технология","https://ya.ru/search/?text=изготовление+корпусов+для+электроники+на+заказ+москва&lr=1"
"изготовление корпусов для электроники на заказ москва","Корпуса электроники","Москва и область; интерфейс Красногорск","desktop","2026-09-04","2","master-kluch.ru","https://master-kluch.ru/pre-order/izgotovlenie-korpusov-priborov/","Производство корпусов","Услуга","Пластиковые корпуса на заказ в Москве","Корпуса для электроники под требования","Изготовление корпусов","Не указано","Прямой по объекту конкурент","https://ya.ru/search/?text=изготовление+корпусов+для+электроники+на+заказ+москва&lr=1"
"изготовление корпусов для электроники на заказ москва","Корпуса электроники","Москва и область; интерфейс Красногорск","desktop","2026-09-04","3","primeform-3d.ru","https://primeform-3d.ru/services/plastic-cases","Студия 3D-печати","Услуга","Изготовление пластиковых корпусов на заказ — 3D-печать","Корпуса для электроники, датчиков и IoT","3D-печать корпусов","Перечень применений и материалов в сниппете","Близкий прямой конкурент","https://ya.ru/search/?text=изготовление+корпусов+для+электроники+на+заказ+москва&lr=1"
"изготовление корпусов для электроники на заказ москва","Корпуса электроники","Москва и область; интерфейс Красногорск","desktop","2026-09-04","4","cubicprints.ru","https://cubicprints.ru/izgotovlenie-korpusov/","Производство","Услуга","Изготовление корпусов на заказ из металла и пластика","Подготовка по моделям и чертежам","Разные технологии и материалы","Не указано","Шире текущего предложения мастерской","https://ya.ru/search/?text=изготовление+корпусов+для+электроники+на+заказ+москва&lr=1"
"изготовление корпусов для электроники на заказ москва","Корпуса электроники","Москва и область; интерфейс Красногорск","desktop","2026-09-04","5","meritogroup.ru","https://meritogroup.ru/3d-pechat-korpusov/","Студия/производство","Услуга","3D-печать корпусов для электроники на заказ в Москве","Корпуса, крепления, сборка и опытный образец","Проверка модели и пилота","Не указано","Очень близкая роль страницы","https://ya.ru/search/?text=изготовление+корпусов+для+электроники+на+заказ+москва&lr=1"
"изготовление технологической оснастки москва","Технологическая оснастка","Москва и область; интерфейс Красногорск","desktop","2026-09-04","1","complexcad.ru","https://complexcad.ru/proizvodstvo-metalloizdelii/izgotovlenie-osnastki","Металлообработка","Услуга","Изготовление технологической оснастки по чертежам","Проектирование и производство оснастки","Металлическая производственная оснастка","Рейтинг и отзывы в выдаче","Иное производство; запрос слишком широкий для пластиковой мастерской","https://ya.ru/search/?text=изготовление+технологической+оснастки+москва&lr=1"
"изготовление технологической оснастки москва","Технологическая оснастка","Москва и область; интерфейс Красногорск","desktop","2026-09-04","2","ntmsp.ru","https://ntmsp.ru/po-chertejam-zakazchika/","Производство","Услуга","Производство технологической оснастки по чертежу заказчика","Литьё пластмасс и металлов","Широкое производство","Не указано","Не прямой конкурент по технологии и масштабу","https://ya.ru/search/?text=изготовление+технологической+оснастки+москва&lr=1"
"изготовление технологической оснастки москва","Технологическая оснастка","Москва и область; интерфейс Красногорск","desktop","2026-09-04","3","polimer-group.com","https://polimer-group.com/services/izgotovlenie-form-i-tekhnologicheskoy-osnastki/","Производство форм","Услуга","Изготовление форм и технологической оснастки","Формы из металлов и сплавов","Формы и оснастка","Не указано","Иное намерение по материалу","https://ya.ru/search/?text=изготовление+технологической+оснастки+москва&lr=1"
"изготовление технологической оснастки москва","Технологическая оснастка","Москва и область; интерфейс Красногорск","desktop","2026-09-04","4","primetech.msk.ru","https://primetech.msk.ru/produkciya/izgotovlenie-osnastki/","Металлообработка","Услуга","Изготовление технологической оснастки по чертежам в Москве","Оснастка по чертежам заказчика","Промышленное производство","Рейтинг и отзывы в выдаче","Широкий промышленный конкурент","https://ya.ru/search/?text=изготовление+технологической+оснастки+москва&lr=1"
"изготовление технологической оснастки москва","Технологическая оснастка","Москва и область; интерфейс Красногорск","desktop","2026-09-04","5","am20.ru","https://am20.ru/uslugi/izgotovlenie-mexanizmov-i-uzlov/izgotovlenie-osnastki","Металлообработка","Услуга","Изготовление технологической оснастки на заказ в Москве","Сборочная и контрольная оснастка по ТЗ","ЧПУ и контроль точности","Рейтинг и отзывы в выдаче","Показывает ожидание промышленного уровня доказательств","https://ya.ru/search/?text=изготовление+технологической+оснастки+москва&lr=1"
