URL,Тип страницы,Код ответа,Индексируемость,Canonical,Title,H1,Основная тема,Текущая роль,Входящие внутренние ссылки,Исходящие внутренние ссылки,В карте сайта,Дата проверки,Источник,Комментарий
"https://terrifickook.github.io/3D-Evgeniy-Site/","Главная","200","Закрыта robots.txt","https://terrifickook.github.io/3D-Evgeniy-Site","Нестандартные пластиковые детали для бизнеса","Нестандартные пластиковые детали для бизнеса и производства","Три направления инженерной мастерской","Коммерческая обзорная","Корневой URL","26 найденных ссылок","Да","2026-09-04","Публичный HTML и sitemap","JSON-LD WebSite; staging"
"https://terrifickook.github.io/3D-Evgeniy-Site/detal-po-obraztsu","Услуга","200","Закрыта robots.txt","https://terrifickook.github.io/3D-Evgeniy-Site/detal-po-obraztsu","Деталь по физическому образцу — EVGENIY 3D WORKSHOP","Некритичная пластиковая деталь по образцу — с проверкой до повтора","Деталь по образцу и пилот","Коммерческая","Общая навигация и ссылки услуг","26 найденных ссылок","Да","2026-09-04","Публичный HTML и sitemap","Подходящая существующая страница; JSON-LD не найден"
"https://terrifickook.github.io/3D-Evgeniy-Site/korpusa-dlya-elektroniki","Услуга","200","Закрыта robots.txt","https://terrifickook.github.io/3D-Evgeniy-Site/korpusa-dlya-elektroniki","Корпуса электроники — EVGENIY 3D WORKSHOP","Корпус под плату, датчик или прибор — до преждевременной пресс-формы","Пилот корпуса электроники","Коммерческая","Общая навигация и ссылки услуг","26 найденных ссылок","Да","2026-09-04","Публичный HTML и sitemap","Самостоятельное намерение подтверждается SERP; JSON-LD не найден"
"https://terrifickook.github.io/3D-Evgeniy-Site/osnastka-i-konduktory","Услуга","200","Закрыта robots.txt","https://terrifickook.github.io/3D-Evgeniy-Site/osnastka-i-konduktory","Производственная оснастка — EVGENIY 3D WORKSHOP","Кондуктор, фиксатор или держатель под конкретную операцию","Пластиковая оснастка под операцию","Коммерческая","Общая навигация и ссылки услуг","26 найденных ссылок","Да","2026-09-04","Публичный HTML и sitemap","Широкий запрос смешан с металлообработкой; JSON-LD не найден"
"https://terrifickook.github.io/3D-Evgeniy-Site/cases","Раздел кейсов","200","Закрыта robots.txt","https://terrifickook.github.io/3D-Evgeniy-Site/cases","Кейсы и шаблоны проектов — EVGENIY 3D WORKSHOP","Кейсы появляются только после подтверждения фактов","Будущие доказательства опыта","Навигационная/доверительная","Общая навигация","25 найденных ссылок","Да","2026-09-04","Публичный HTML и sitemap","Реальных публичных кейсов пока нет"
"https://terrifickook.github.io/3D-Evgeniy-Site/cases/shablon-funktsionalnoy-detali","Демонстрационный кейс","200","Закрыта robots.txt","https://terrifickook.github.io/3D-Evgeniy-Site/cases/shablon-funktsionalnoy-detali","Шаблон кейса: функциональная деталь — EVGENIY 3D WORKSHOP","Шаблон кейса: функциональная деталь","Структура будущего кейса","Служебно-демонстрационная","Раздел кейсов","25 найденных ссылок","Да","2026-09-04","Публичный HTML и sitemap","Не открывать для индексации; заменить реальным кейсом или исключить"
"https://terrifickook.github.io/3D-Evgeniy-Site/vozmozhnosti-i-ogranicheniya","Информационная","200","Закрыта robots.txt","https://terrifickook.github.io/3D-Evgeniy-Site/vozmozhnosti-i-ogranicheniya","Возможности и ограничения — EVGENIY 3D WORKSHOP","Сначала понять условия, затем решить: подходит ли пластик","Квалификация и ограничения","Информационная поддержка конверсии","Общая навигация","25 найденных ссылок","Да","2026-09-04","Публичный HTML и sitemap","Поддерживающая страница; JSON-LD не найден"
"https://terrifickook.github.io/3D-Evgeniy-Site/quality-and-acceptance","Информационная","200","Закрыта robots.txt","https://terrifickook.github.io/3D-Evgeniy-Site/quality-and-acceptance","Пилот, контроль и приёмка — EVGENIY 3D WORKSHOP","Пилот нужен, чтобы проверить функцию — не чтобы угадать результат","Пилот и приёмка","Информационная поддержка конверсии","Общая навигация","25 найденных ссылок","Да","2026-09-04","Публичный HTML и sitemap","Поддерживающая страница; JSON-LD не найден"
"https://terrifickook.github.io/3D-Evgeniy-Site/contacts","Форма обращения","200","Закрыта robots.txt","https://terrifickook.github.io/3D-Evgeniy-Site/contacts","Прислать техническую задачу — EVGENIY 3D WORKSHOP","Опишите техническую задачу до разговора","Квалифицированная заявка","Конверсионная","Общая навигация и CTA","26 найденных ссылок","Да","2026-09-04","Публичный HTML и sitemap","Форма работает в mock-режиме; не считать реальным каналом лидов"
